text,source,brand,created_at
–¶–µ–Ω–∞ –±–µ–Ω–∑–∏–Ω–∞ –∑–∞–≤—ã—à–µ–Ω–∞ –ø–æ—á—Ç–∏ –Ω–∞ 5 —Ä—É–±–ª–µ–π!,vk,PPR,2025-06-11T08:00
–û—Ñ–æ—Ä–º–ª–µ–Ω–∏–µ –∞—Ä–µ–Ω–¥—ã –∑–∞–Ω—è–ª–æ –≤—Å–µ–≥–æ 10 –º–∏–Ω—É—Ç ‚Äî –æ—Ç–ª–∏—á–Ω–æ.,vk,PPR,2025-06-11T08:30
"–ü–æ–¥–¥–µ—Ä–∂–∫–∞ –º–æ–ª—á–∞–ª–∞ 40 –º–∏–Ω—É—Ç, –ø—Ä–∏—à–ª–æ—Å—å –∑–≤–æ–Ω–∏—Ç—å –≤—Ç–æ—Ä–æ–π —Ä–∞–∑.",crm,PPR,2025-06-11T09:00
–ö–æ–Ω–∫—É—Ä–µ–Ω—ÇX –≤—ã–¥–∞–ª –º–∞—à–∏–Ω—É –±—ã—Å—Ç—Ä–µ–µ –Ω–∞—Å –∂–µ –≤ –ü—É–ª–∫–æ–≤–æ.,tg,CompetitorX,2025-06-11T09:30
"–£–¥–æ–±–Ω—ã–π –∏–Ω—Ç–µ—Ä—Ñ–µ–π—Å –ø—Ä–∏–ª–æ–∂–µ–Ω–∏—è, –Ω–∏–∫–∞–∫–∏—Ö –≥–ª—é–∫–æ–≤ üëç",tg,PPR,2025-06-11T10:00
–°–ú–° —Å –∫–æ–¥–æ–º –ø–æ–¥—Ç–≤–µ—Ä–∂–¥–µ–Ω–∏—è –Ω–µ –ø—Ä–∏—à–ª–∞ ‚Äî –Ω–µ —Å–º–æ–≥ –∑–∞–≤–µ—Ä—à–∏—Ç—å –∑–∞–∫–∞–∑.,tg,PPR,2025-06-11T10:30
"–°–æ—Ç—Ä—É–¥–Ω–∏–∫ –Ω–∞ —Å—Ç–æ–π–∫–µ —Ö–∞–º–∏–ª, –∏—Å–ø–æ—Ä—Ç–∏–ª –≤–ø–µ—á–∞—Ç–ª–µ–Ω–∏–µ.",vk,PPR,2025-06-11T11:00
"–ù–∞–≤–∏–≥–∞—Ç–æ—Ä –≤ –∞–≤—Ç–æ —É—Å—Ç–∞—Ä–µ–ª, –∫–∞—Ä—Ç—ã –Ω–µ –æ–±–Ω–æ–≤–ª—è–ª–∏—Å—å –¥–≤–∞ –≥–æ–¥–∞.",fb,PPR,2025-06-11T11:30
–í—Å—Ç—Ä–µ—á–∞—é—Ç –≤ –∞—ç—Ä–æ–ø–æ—Ä—Ç—É —Å —Ç–∞–±–ª–∏—á–∫–æ–π ‚Äî —Å—É–ø–µ—Ä —Å–µ—Ä–≤–∏—Å!,vk,PPR,2025-06-11T12:00
"–ó–∞–ø—Ä–∞–≤–∫–∞ –Ω–∞ —Å—Ç–∞–Ω—Ü–∏–∏ CompetitorY –ø—Ä–æ—à–ª–∞ –∑–∞ 3 –º–∏–Ω—É—Ç—ã, —É –≤–∞—Å –¥–æ–ª—å—à–µ.",fb,CompetitorY,2025-06-11T12:30
"–¢–∞—Ä–∏—Ñ—ã –ø—Ä–æ–∑—Ä–∞—á–Ω—ã–µ, –Ω–∏–∫–∞–∫–∏—Ö —Å–∫—Ä—ã—Ç—ã—Ö –ø–ª–∞—Ç–µ–∂–µ–π.",forum,PPR,2025-06-11T13:00
–û—Ç—Å—É—Ç—Å—Ç–≤—É–µ—Ç –≤–æ–∑–º–æ–∂–Ω–æ—Å—Ç—å –æ–ø–ª–∞—Ç—ã —á–µ—Ä–µ–∑ Apple¬†Pay ‚Äî –Ω–µ—É–¥–æ–±–Ω–æ.,vk,PPR,2025-06-11T13:30
"–ü–æ–ª—É—á–∏–ª –º–∞—à–∏–Ω—É —Å –≥—Ä—è–∑–Ω—ã–º —Å–∞–ª–æ–Ω–æ–º, –æ—á–µ–Ω—å —Ä–∞–∑–æ—á–∞—Ä–æ–≤–∞–Ω.",vk,PPR,2025-06-11T14:00
–ë–µ—Å–ø–ª–∞—Ç–Ω—ã–π –∞–ø–≥—Ä–µ–π–¥ –¥–æ —Å–ª–µ–¥—É—é—â–µ–≥–æ –∫–ª–∞—Å—Å–∞ ‚Äî –ø—Ä–∏—è—Ç–Ω–æ!,vk,PPR,2025-06-11T14:30
"–ö–æ–Ω–∫—É—Ä–µ–Ω—ÇX –ø—Ä–µ–¥–ª–∞–≥–∞–µ—Ç —Å–∫–∏–¥–∫—É¬†10‚ÄØ% –Ω–∞ –∫–æ—Ä–ø–æ—Ä–∞—Ç–∏–≤–Ω—ã–π –ø–∞—Ä–∫, —Ä–∞—Å—Å–º–æ—Ç—Ä–∏–º –∏—Ö.",tg,CompetitorX,2025-06-11T15:00
"–°—Ç–æ—Ä–Ω–∏—Ä–æ–≤–∞–ª –∑–∞–∫–∞–∑, –∞ –¥–µ–Ω—å–≥–∏ –≤–µ—Ä–Ω—É–ª–∏—Å—å —Ç–æ–ª—å–∫–æ —á–µ—Ä–µ–∑ –Ω–µ–¥–µ–ª—é.",tg,PPR,2025-06-11T15:30
–ú–æ–±–∏–ª—å–Ω–æ–µ –ø—Ä–∏–ª–æ–∂–µ–Ω–∏–µ –≤—ã–ª–µ—Ç–∞–µ—Ç –ø—Ä–∏ –≤—ã–±–æ—Ä–µ –º–µ—Å—Ç–∞ –≤–æ–∑–≤—Ä–∞—Ç–∞.,fb,PPR,2025-06-11T16:00
"–°–ø–∞—Å–∏–±–æ –∑–∞ –±—ã—Å—Ç—Ä—É—é –∑–∞–º–µ–Ω—É –∞–≤—Ç–æ –Ω–∞ –¥–æ—Ä–æ–≥–µ, –≤—ã—Ä—É—á–∏–ª–∏.",fb,PPR,2025-06-11T16:30
"–í–∞—à–∏ —Ü–µ–Ω—ã –Ω–∏–∂–µ, —á–µ–º —É CompetitorY ‚Äî –±–µ—Ä—ë–º —É –≤–∞—Å.",vk,CompetitorY,2025-06-11T17:00
"–°–∏—Å—Ç–µ–º–∞ –ª–æ—è–ª—å–Ω–æ—Å—Ç–∏ –Ω–µ–ø–æ–Ω—è—Ç–Ω–∞—è, –≥–¥–µ –ø–æ—Å–º–æ—Ç—Ä–µ—Ç—å –±–∞–ª–ª—ã?",fb,PPR,2025-06-11T17:30
